,Circuit QASM File Name Before Optimization,Circuit QASM File Name After Optimization,Circuit Qubit Count,Compilation Time (seconds),Two-Qubit Gate Count Before Optimization,Two-Qubit Gate Count After Optimization,Two-Qubit Gate Depth Before Optimzation,Two-Qubit Gate Depth After Optimzation,Gate Count Before Optimization,Gate Count After Optimization,Gate Set Before Optimization,Gate Set After Optimization,Partitioner,Optimization Algorithm,Optimization Algorithm Success Threshold,Optimization Algorithm Replace Filter,Partitioner Block Size,Multistart Value,Average Number of Gates in Each Partition Before Optimization,Average Number of Gates in Each Partition After Optimization,Average Number of Two-Qubit Gates in Each Partition Before Optimization,Average Number of Two-Qubit Gates in Each Partition After Optimization,Optimization Level,Randomly Generated Circuit,Framework
0,bqskit_su2_17_3,bqskit_su2_17_3_1e-08_ScanPartitioner3_QSearch,17,3.5027284622192383,51,51,51,51,187,459,"RYGate, CNOTGate, RZGate","SqrtXGate, CNOTGate,  RZGate",ScanPartitioner3,QSearch,1e-08,less-than-multi,3.0,2^3,7.192307692307692,12.961538461538462,1.9615384615384612,2.0,,False,BQSkit
1,bqskit_su2_17_3,bqskit_su2_17_3_1e-08_ScanPartitioner3_LEAP,17,3.153684377670288,51,51,51,51,187,459,"RYGate, CNOTGate, RZGate","SqrtXGate, CNOTGate,  RZGate",ScanPartitioner3,LEAP,1e-08,less-than-multi,3.0,2^3,7.192307692307692,13.153846153846153,1.9615384615384612,2.038461538461538,,False,BQSkit
2,bqskit_su2_17_3,bqskit_su2_17_3_OptimizationLevel3,17,0.032897233963012,51,51,51,51,187,51,"ry, rz, cx",cx,,,,,,,,,,,3.0,False,Qiskit
3,bqskit_su2_15_3,bqskit_su2_15_3_1e-08_ScanPartitioner3_QSearch,15,3.606065988540649,45,45,45,45,165,405,"RYGate, CNOTGate, RZGate","SqrtXGate, CNOTGate,  RZGate",ScanPartitioner3,QSearch,1e-08,less-than-multi,3.0,2^3,7.173913043478261,12.956521739130435,1.9565217391304341,2.0,,False,BQSkit
4,bqskit_su2_15_3,bqskit_su2_15_3_1e-08_ScanPartitioner3_LEAP,15,3.645188331604004,45,45,45,45,165,405,"RYGate, CNOTGate, RZGate","SqrtXGate, CNOTGate,  RZGate",ScanPartitioner3,LEAP,1e-08,less-than-multi,3.0,2^3,7.173913043478261,13.173913043478262,1.9565217391304341,2.043478260869565,,False,BQSkit
5,bqskit_su2_15_3,bqskit_su2_15_3_OptimizationLevel3,15,0.021318674087524,45,45,45,45,165,45,"ry, rz, cx",cx,,,,,,,,,,,3.0,False,Qiskit
6,bqskit_su2_22_3,bqskit_su2_22_3_1e-08_ScanPartitioner3_QSearch,22,3.734947681427002,66,66,66,66,242,594,"RYGate, CNOTGate, RZGate","SqrtXGate, CNOTGate,  RZGate",ScanPartitioner3,QSearch,1e-08,less-than-multi,3.0,2^3,7.333333333333333,13.151515151515152,2.0,2.03030303030303,,False,BQSkit
7,bqskit_su2_22_3,bqskit_su2_22_3_1e-08_ScanPartitioner3_LEAP,22,3.430656909942627,66,66,66,66,242,594,"RYGate, CNOTGate, RZGate","SqrtXGate, CNOTGate,  RZGate",ScanPartitioner3,LEAP,1e-08,less-than-multi,3.0,2^3,7.333333333333333,13.303030303030303,2.0,2.06060606060606,,False,BQSkit
8,bqskit_su2_22_3,bqskit_su2_22_3_OptimizationLevel3,22,0.030974149703979003,66,66,66,66,242,66,"ry, rz, cx",cx,,,,,,,,,,,3.0,False,Qiskit
9,bqskit_su2_12_3,bqskit_su2_12_3_1e-08_ScanPartitioner3_QSearch,12,3.121461391448974,36,36,36,36,132,324,"RYGate, CNOTGate, RZGate","SqrtXGate, CNOTGate,  RZGate",ScanPartitioner3,QSearch,1e-08,less-than-multi,3.0,2^3,7.333333333333333,13.277777777777779,2.0,2.055555555555555,,False,BQSkit
10,bqskit_su2_12_3,bqskit_su2_12_3_1e-08_ScanPartitioner3_LEAP,12,3.646638631820678,36,36,36,36,132,324,"RYGate, CNOTGate, RZGate","SqrtXGate, CNOTGate,  RZGate",ScanPartitioner3,LEAP,1e-08,less-than-multi,3.0,2^3,7.333333333333333,13.0,2.0,2.0,,False,BQSkit
11,bqskit_su2_12_3,bqskit_su2_12_3_OptimizationLevel3,12,0.01736569404602,36,36,36,36,132,36,"ry, rz, cx",cx,,,,,,,,,,,3.0,False,Qiskit
12,bqskit_su2_34_3,bqskit_su2_34_3_1e-08_ScanPartitioner3_QSearch,34,3.363807439804077,102,102,102,102,374,918,"RYGate, CNOTGate, RZGate","SqrtXGate, CNOTGate,  RZGate",ScanPartitioner3,QSearch,1e-08,less-than-multi,3.0,2^3,7.333333333333333,13.392156862745098,2.0,2.078431372549019,,False,BQSkit
13,bqskit_su2_34_3,bqskit_su2_34_3_1e-08_ScanPartitioner3_LEAP,34,3.604446649551391,102,102,102,102,374,918,"RYGate, CNOTGate, RZGate","SqrtXGate, CNOTGate,  RZGate",ScanPartitioner3,LEAP,1e-08,less-than-multi,3.0,2^3,7.333333333333333,13.196078431372548,2.0,2.039215686274509,,False,BQSkit
14,bqskit_su2_34_3,bqskit_su2_34_3_OptimizationLevel3,34,0.037133216857910004,102,102,102,102,374,102,"ry, rz, cx",cx,,,,,,,,,,,3.0,False,Qiskit
15,bqskit_su2_44_3,bqskit_su2_44_3_1e-08_ScanPartitioner3_QSearch,44,9.831871032714844,132,132,132,132,484,1188,"RYGate, CNOTGate, RZGate","SqrtXGate, CNOTGate,  RZGate",ScanPartitioner3,QSearch,1e-08,less-than-multi,3.0,2^3,7.333333333333333,13.303030303030303,2.0,2.06060606060606,,False,BQSkit
16,bqskit_su2_44_3,bqskit_su2_44_3_1e-08_ScanPartitioner3_LEAP,44,4.269110679626465,132,132,132,132,484,1188,"RYGate, CNOTGate, RZGate","SqrtXGate, CNOTGate,  RZGate",ScanPartitioner3,LEAP,1e-08,less-than-multi,3.0,2^3,7.333333333333333,13.303030303030303,2.0,2.06060606060606,,False,BQSkit
17,bqskit_su2_44_3,bqskit_su2_44_3_OptimizationLevel3,44,0.046181678771972004,132,132,132,132,484,132,"ry, rz, cx",cx,,,,,,,,,,,3.0,False,Qiskit
18,bqskit_su2_23_3,bqskit_su2_23_3_1e-08_ScanPartitioner3_QSearch,23,3.627366065979004,69,69,69,69,253,621,"RYGate, CNOTGate, RZGate","SqrtXGate, CNOTGate,  RZGate",ScanPartitioner3,QSearch,1e-08,less-than-multi,3.0,2^3,7.228571428571429,13.257142857142858,1.971428571428571,2.057142857142857,,False,BQSkit
19,bqskit_su2_23_3,bqskit_su2_23_3_1e-08_ScanPartitioner3_LEAP,23,3.794224500656128,69,69,69,69,253,621,"RYGate, CNOTGate, RZGate","SqrtXGate, CNOTGate,  RZGate",ScanPartitioner3,LEAP,1e-08,less-than-multi,3.0,2^3,7.228571428571429,12.971428571428572,1.971428571428571,2.0,,False,BQSkit
20,bqskit_su2_23_3,bqskit_su2_23_3_OptimizationLevel3,23,0.028713941574096003,69,69,69,69,253,69,"ry, rz, cx",cx,,,,,,,,,,,3.0,False,Qiskit
21,bqskit_su2_35_3,bqskit_su2_35_3_1e-08_ScanPartitioner3_QSearch,35,-3.2747802734375,105,105,105,105,385,945,"RYGate, CNOTGate, RZGate","SqrtXGate, CNOTGate,  RZGate",ScanPartitioner3,QSearch,1e-08,less-than-multi,3.0,2^3,7.264150943396227,12.981132075471699,1.9811320754716981,2.0,,False,BQSkit
22,bqskit_su2_35_3,bqskit_su2_35_3_1e-08_ScanPartitioner3_LEAP,35,3.784618854522705,105,105,105,105,385,945,"RYGate, CNOTGate, RZGate","SqrtXGate, CNOTGate,  RZGate",ScanPartitioner3,LEAP,1e-08,less-than-multi,3.0,2^3,7.264150943396227,13.641509433962264,1.9811320754716981,2.132075471698113,,False,BQSkit
23,bqskit_su2_35_3,bqskit_su2_35_3_OptimizationLevel3,35,0.037438392639160004,105,105,105,105,385,105,"ry, rz, cx",cx,,,,,,,,,,,3.0,False,Qiskit
24,bqskit_su2_28_3,bqskit_su2_28_3_1e-08_ScanPartitioner3_QSearch,28,3.19541597366333,84,84,84,84,308,756,"RYGate, CNOTGate, RZGate","SqrtXGate, CNOTGate,  RZGate",ScanPartitioner3,QSearch,1e-08,less-than-multi,3.0,2^3,7.333333333333333,13.0,2.0,2.0,,False,BQSkit
25,bqskit_su2_28_3,bqskit_su2_28_3_1e-08_ScanPartitioner3_LEAP,28,3.412435054779052,84,84,84,84,308,756,"RYGate, CNOTGate, RZGate","SqrtXGate, CNOTGate,  RZGate",ScanPartitioner3,LEAP,1e-08,less-than-multi,3.0,2^3,7.333333333333333,13.952380952380953,2.0,2.19047619047619,,False,BQSkit
26,bqskit_su2_28_3,bqskit_su2_28_3_OptimizationLevel3,28,0.028984308242797,84,84,84,84,308,84,"ry, rz, cx",cx,,,,,,,,,,,3.0,False,Qiskit
27,bqskit_su2_49_3,bqskit_su2_49_3_1e-08_ScanPartitioner3_QSearch,49,4.77432918548584,147,147,147,147,539,1323,"RYGate, CNOTGate, RZGate","SqrtXGate, CNOTGate,  RZGate",ScanPartitioner3,QSearch,1e-08,less-than-multi,3.0,2^3,7.283783783783784,13.18918918918919,1.986486486486486,2.04054054054054,,False,BQSkit
28,bqskit_su2_49_3,bqskit_su2_49_3_1e-08_ScanPartitioner3_LEAP,49,4.369397401809692,147,147,147,147,539,1323,"RYGate, CNOTGate, RZGate","SqrtXGate, CNOTGate,  RZGate",ScanPartitioner3,LEAP,1e-08,less-than-multi,3.0,2^3,7.283783783783784,13.18918918918919,1.986486486486486,2.04054054054054,,False,BQSkit
29,bqskit_su2_49_3,bqskit_su2_49_3_OptimizationLevel3,49,0.149255752563476,147,147,147,147,539,147,"ry, rz, cx",cx,,,,,,,,,,,3.0,False,Qiskit
30,bqskit_su2_18_3,bqskit_su2_18_3_1e-08_ScanPartitioner3_QSearch,18,3.128120899200439,54,54,54,54,198,486,"RYGate, CNOTGate, RZGate","SqrtXGate, CNOTGate,  RZGate",ScanPartitioner3,QSearch,1e-08,less-than-multi,3.0,2^3,7.333333333333333,13.74074074074074,2.0,2.148148148148148,,False,BQSkit
31,bqskit_su2_18_3,bqskit_su2_18_3_1e-08_ScanPartitioner3_LEAP,18,2.958719253540039,54,54,54,54,198,486,"RYGate, CNOTGate, RZGate","SqrtXGate, CNOTGate,  RZGate",ScanPartitioner3,LEAP,1e-08,less-than-multi,3.0,2^3,7.333333333333333,13.185185185185185,2.0,2.037037037037037,,False,BQSkit
32,bqskit_su2_18_3,bqskit_su2_18_3_OptimizationLevel3,18,0.027940511703491003,54,54,54,54,198,54,"ry, rz, cx",cx,,,,,,,,,,,3.0,False,Qiskit
33,bqskit_su2_47_3,bqskit_su2_47_3_1e-08_ScanPartitioner3_QSearch,47,4.012296438217163,141,141,141,141,517,1269,"RYGate, CNOTGate, RZGate","SqrtXGate, CNOTGate,  RZGate",ScanPartitioner3,QSearch,1e-08,less-than-multi,3.0,2^3,7.28169014084507,13.126760563380282,1.985915492957746,2.028169014084507,,False,BQSkit
34,bqskit_su2_47_3,bqskit_su2_47_3_1e-08_ScanPartitioner3_LEAP,47,4.409132480621338,141,141,141,141,517,1269,"RYGate, CNOTGate, RZGate","SqrtXGate, CNOTGate,  RZGate",ScanPartitioner3,LEAP,1e-08,less-than-multi,3.0,2^3,7.28169014084507,13.267605633802816,1.985915492957746,2.056338028169014,,False,BQSkit
35,bqskit_su2_47_3,bqskit_su2_47_3_OptimizationLevel3,47,0.051549673080444,141,141,141,141,517,141,"ry, rz, cx",cx,,,,,,,,,,,3.0,False,Qiskit
36,bqskit_su2_38_3,bqskit_su2_38_3_1e-08_ScanPartitioner3_QSearch,38,3.6782066822052,114,114,114,114,418,1026,"RYGate, CNOTGate, RZGate","SqrtXGate, CNOTGate,  RZGate",ScanPartitioner3,QSearch,1e-08,less-than-multi,3.0,2^3,7.333333333333333,13.43859649122807,2.0,2.087719298245614,,False,BQSkit
37,bqskit_su2_38_3,bqskit_su2_38_3_1e-08_ScanPartitioner3_LEAP,38,3.467642068862915,114,114,114,114,418,1026,"RYGate, CNOTGate, RZGate","SqrtXGate, CNOTGate,  RZGate",ScanPartitioner3,LEAP,1e-08,less-than-multi,3.0,2^3,7.333333333333333,13.263157894736842,2.0,2.052631578947368,,False,BQSkit
38,bqskit_su2_38_3,bqskit_su2_38_3_OptimizationLevel3,38,0.041089534759521006,114,114,114,114,418,114,"ry, rz, cx",cx,,,,,,,,,,,3.0,False,Qiskit
39,bqskit_su2_46_3,bqskit_su2_46_3_1e-08_ScanPartitioner3_QSearch,46,3.562278032302856,138,138,138,138,506,1242,"RYGate, CNOTGate, RZGate","SqrtXGate, CNOTGate,  RZGate",ScanPartitioner3,QSearch,1e-08,less-than-multi,3.0,2^3,7.333333333333333,13.217391304347826,2.0,2.043478260869565,,False,BQSkit
40,bqskit_su2_46_3,bqskit_su2_46_3_1e-08_ScanPartitioner3_LEAP,46,4.443673133850098,138,138,138,138,506,1242,"RYGate, CNOTGate, RZGate","SqrtXGate, CNOTGate,  RZGate",ScanPartitioner3,LEAP,1e-08,less-than-multi,3.0,2^3,7.333333333333333,13.579710144927537,2.0,2.115942028985507,,False,BQSkit
41,bqskit_su2_46_3,bqskit_su2_46_3_OptimizationLevel3,46,0.044078826904296,138,138,138,138,506,138,"ry, rz, cx",cx,,,,,,,,,,,3.0,False,Qiskit
42,bqskit_su2_13_3,bqskit_su2_13_3_1e-08_ScanPartitioner3_QSearch,13,8.521178960800171,39,39,39,39,143,351,"RYGate, CNOTGate, RZGate","SqrtXGate, CNOTGate,  RZGate",ScanPartitioner3,QSearch,1e-08,less-than-multi,3.0,2^3,7.15,13.2,1.9500000000000002,2.05,,False,BQSkit
43,bqskit_su2_13_3,bqskit_su2_13_3_1e-08_ScanPartitioner3_LEAP,13,3.194432973861694,39,39,39,39,143,351,"RYGate, CNOTGate, RZGate","SqrtXGate, CNOTGate,  RZGate",ScanPartitioner3,LEAP,1e-08,less-than-multi,3.0,2^3,7.15,12.95,1.9500000000000002,2.0,,False,BQSkit
44,bqskit_su2_13_3,bqskit_su2_13_3_OptimizationLevel3,13,0.015820264816284003,39,39,39,39,143,39,"ry, rz, cx",cx,,,,,,,,,,,3.0,False,Qiskit
45,bqskit_su2_10_3,bqskit_su2_10_3_1e-08_ScanPartitioner3_QSearch,10,3.092993974685669,30,30,30,30,110,270,"RYGate, CNOTGate, RZGate","SqrtXGate, CNOTGate,  RZGate",ScanPartitioner3,QSearch,1e-08,less-than-multi,3.0,2^3,7.333333333333333,13.333333333333334,2.0,2.066666666666667,,False,BQSkit
46,bqskit_su2_10_3,bqskit_su2_10_3_1e-08_ScanPartitioner3_LEAP,10,3.1361334323883048,30,30,30,30,110,270,"RYGate, CNOTGate, RZGate","SqrtXGate, CNOTGate,  RZGate",ScanPartitioner3,LEAP,1e-08,less-than-multi,3.0,2^3,7.333333333333333,14.0,2.0,2.2,,False,BQSkit
47,bqskit_su2_10_3,bqskit_su2_10_3_OptimizationLevel3,10,0.015230894088745001,30,30,30,30,110,30,"ry, rz, cx",cx,,,,,,,,,,,3.0,False,Qiskit
48,bqskit_su2_29_3,bqskit_su2_29_3_1e-08_ScanPartitioner3_QSearch,29,3.567142724990844,87,87,87,87,319,783,"RYGate, CNOTGate, RZGate","SqrtXGate, CNOTGate,  RZGate",ScanPartitioner3,QSearch,1e-08,less-than-multi,3.0,2^3,7.25,13.090909090909092,1.977272727272727,2.022727272727273,,False,BQSkit
49,bqskit_su2_29_3,bqskit_su2_29_3_1e-08_ScanPartitioner3_LEAP,29,3.5914406776428223,87,87,87,87,319,783,"RYGate, CNOTGate, RZGate","SqrtXGate, CNOTGate,  RZGate",ScanPartitioner3,LEAP,1e-08,less-than-multi,3.0,2^3,7.25,12.863636363636363,1.977272727272727,1.977272727272727,,False,BQSkit
50,bqskit_su2_29_3,bqskit_su2_29_3_OptimizationLevel3,29,0.031426429748535004,87,87,87,87,319,87,"ry, rz, cx",cx,,,,,,,,,,,3.0,False,Qiskit
51,bqskit_su2_6_3,bqskit_su2_6_3_1e-08_ScanPartitioner3_QSearch,6,3.239457607269287,18,18,18,18,66,162,"RYGate, CNOTGate, RZGate","SqrtXGate, CNOTGate,  RZGate",ScanPartitioner3,QSearch,1e-08,less-than-multi,3.0,2^3,7.333333333333333,13.555555555555555,2.0,2.111111111111111,,False,BQSkit
52,bqskit_su2_6_3,bqskit_su2_6_3_1e-08_ScanPartitioner3_LEAP,6,3.208493232727051,18,18,18,18,66,162,"RYGate, CNOTGate, RZGate","SqrtXGate, CNOTGate,  RZGate",ScanPartitioner3,LEAP,1e-08,less-than-multi,3.0,2^3,7.333333333333333,13.555555555555555,2.0,2.111111111111111,,False,BQSkit
53,bqskit_su2_6_3,bqskit_su2_6_3_OptimizationLevel3,6,0.010282039642333,18,18,18,18,66,18,"ry, rz, cx",cx,,,,,,,,,,,3.0,False,Qiskit
54,bqskit_su2_26_3,bqskit_su2_26_3_1e-08_ScanPartitioner3_QSearch,26,3.571304321289062,78,78,78,78,286,702,"RYGate, CNOTGate, RZGate","SqrtXGate, CNOTGate,  RZGate",ScanPartitioner3,QSearch,1e-08,less-than-multi,3.0,2^3,7.333333333333333,13.64102564102564,2.0,2.128205128205128,,False,BQSkit
55,bqskit_su2_26_3,bqskit_su2_26_3_1e-08_ScanPartitioner3_LEAP,26,3.5714328289031982,78,78,78,78,286,702,"RYGate, CNOTGate, RZGate","SqrtXGate, CNOTGate,  RZGate",ScanPartitioner3,LEAP,1e-08,less-than-multi,3.0,2^3,7.333333333333333,13.897435897435898,2.0,2.179487179487179,,False,BQSkit
56,bqskit_su2_26_3,bqskit_su2_26_3_OptimizationLevel3,26,0.029461622238159003,78,78,78,78,286,78,"ry, rz, cx",cx,,,,,,,,,,,3.0,False,Qiskit
57,bqskit_su2_50_3,bqskit_su2_50_3_1e-08_ScanPartitioner3_QSearch,50,-4.7285826206207275,150,150,150,150,550,1350,"RYGate, CNOTGate, RZGate","SqrtXGate, CNOTGate,  RZGate",ScanPartitioner3,QSearch,1e-08,less-than-multi,3.0,2^3,7.333333333333333,13.266666666666667,2.0,2.053333333333333,,False,BQSkit
58,bqskit_su2_50_3,bqskit_su2_50_3_1e-08_ScanPartitioner3_LEAP,50,3.851646661758423,150,150,150,150,550,1350,"RYGate, CNOTGate, RZGate","SqrtXGate, CNOTGate,  RZGate",ScanPartitioner3,LEAP,1e-08,less-than-multi,3.0,2^3,7.333333333333333,13.933333333333334,2.0,2.186666666666666,,False,BQSkit
59,bqskit_su2_50_3,bqskit_su2_50_3_OptimizationLevel3,50,0.048806428909301,150,150,150,150,550,150,"ry, rz, cx",cx,,,,,,,,,,,3.0,False,Qiskit
60,bqskit_su2_25_3,bqskit_su2_25_3_1e-08_ScanPartitioner3_QSearch,25,2.907474279403686,75,75,75,75,275,675,"RYGate, CNOTGate, RZGate","SqrtXGate, CNOTGate,  RZGate",ScanPartitioner3,QSearch,1e-08,less-than-multi,3.0,2^3,7.236842105263157,13.105263157894736,1.973684210526315,2.026315789473684,,False,BQSkit
61,bqskit_su2_25_3,bqskit_su2_25_3_1e-08_ScanPartitioner3_LEAP,25,3.48093843460083,75,75,75,75,275,675,"RYGate, CNOTGate, RZGate","SqrtXGate, CNOTGate,  RZGate",ScanPartitioner3,LEAP,1e-08,less-than-multi,3.0,2^3,7.236842105263157,13.5,1.973684210526315,2.105263157894736,,False,BQSkit
62,bqskit_su2_25_3,bqskit_su2_25_3_OptimizationLevel3,25,0.026710748672485,75,75,75,75,275,75,"ry, rz, cx",cx,,,,,,,,,,,3.0,False,Qiskit
63,bqskit_su2_37_3,bqskit_su2_37_3_1e-08_ScanPartitioner3_QSearch,37,3.27816104888916,111,111,111,111,407,999,"RYGate, CNOTGate, RZGate","SqrtXGate, CNOTGate,  RZGate",ScanPartitioner3,QSearch,1e-08,less-than-multi,3.0,2^3,7.267857142857143,13.071428571428571,1.9821428571428572,2.017857142857143,,False,BQSkit
64,bqskit_su2_37_3,bqskit_su2_37_3_1e-08_ScanPartitioner3_LEAP,37,3.343345642089843,111,111,111,111,407,999,"RYGate, CNOTGate, RZGate","SqrtXGate, CNOTGate,  RZGate",ScanPartitioner3,LEAP,1e-08,less-than-multi,3.0,2^3,7.267857142857143,13.160714285714286,1.9821428571428572,2.035714285714285,,False,BQSkit
65,bqskit_su2_37_3,bqskit_su2_37_3_OptimizationLevel3,37,0.045177459716796,111,111,111,111,407,111,"ry, rz, cx",cx,,,,,,,,,,,3.0,False,Qiskit
66,bqskit_su2_45_3,bqskit_su2_45_3_1e-08_ScanPartitioner3_QSearch,45,3.602840900421142,135,135,135,135,495,1215,"RYGate, CNOTGate, RZGate","SqrtXGate, CNOTGate,  RZGate",ScanPartitioner3,QSearch,1e-08,less-than-multi,3.0,2^3,7.279411764705882,13.352941176470589,1.985294117647058,2.073529411764706,,False,BQSkit
67,bqskit_su2_45_3,bqskit_su2_45_3_1e-08_ScanPartitioner3_LEAP,45,4.026767015457153,135,135,135,135,495,1215,"RYGate, CNOTGate, RZGate","SqrtXGate, CNOTGate,  RZGate",ScanPartitioner3,LEAP,1e-08,less-than-multi,3.0,2^3,7.279411764705882,13.279411764705882,1.985294117647058,2.058823529411764,,False,BQSkit
68,bqskit_su2_45_3,bqskit_su2_45_3_OptimizationLevel3,45,0.044795274734497,135,135,135,135,495,135,"ry, rz, cx",cx,,,,,,,,,,,3.0,False,Qiskit
69,bqskit_su2_41_3,bqskit_su2_41_3_1e-08_ScanPartitioner3_QSearch,41,3.400996685028076,123,123,123,123,451,1107,"RYGate, CNOTGate, RZGate","SqrtXGate, CNOTGate,  RZGate",ScanPartitioner3,QSearch,1e-08,less-than-multi,3.0,2^3,7.274193548387097,13.064516129032258,1.983870967741935,2.016129032258064,,False,BQSkit
70,bqskit_su2_41_3,bqskit_su2_41_3_1e-08_ScanPartitioner3_LEAP,41,3.607129335403442,123,123,123,123,451,1107,"RYGate, CNOTGate, RZGate","SqrtXGate, CNOTGate,  RZGate",ScanPartitioner3,LEAP,1e-08,less-than-multi,3.0,2^3,7.274193548387097,12.983870967741936,1.983870967741935,2.0,,False,BQSkit
71,bqskit_su2_41_3,bqskit_su2_41_3_OptimizationLevel3,41,0.039443731307983,123,123,123,123,451,123,"ry, rz, cx",cx,,,,,,,,,,,3.0,False,Qiskit
72,bqskit_su2_5_3,bqskit_su2_5_3_1e-08_ScanPartitioner3_QSearch,5,3.404941082000732,15,15,15,15,55,135,"RYGate, CNOTGate, RZGate","SqrtXGate, CNOTGate,  RZGate",ScanPartitioner3,QSearch,1e-08,less-than-multi,3.0,2^3,6.875,12.875,1.875,2.0,,False,BQSkit
73,bqskit_su2_5_3,bqskit_su2_5_3_1e-08_ScanPartitioner3_LEAP,5,2.785228967666626,15,15,15,15,55,135,"RYGate, CNOTGate, RZGate","SqrtXGate, CNOTGate,  RZGate",ScanPartitioner3,LEAP,1e-08,less-than-multi,3.0,2^3,6.875,12.25,1.875,1.875,,False,BQSkit
74,bqskit_su2_5_3,bqskit_su2_5_3_OptimizationLevel3,5,0.010740756988525,15,15,15,15,55,15,"ry, rz, cx",cx,,,,,,,,,,,3.0,False,Qiskit
75,bqskit_su2_20_3,bqskit_su2_20_3_1e-08_ScanPartitioner3_QSearch,20,3.141120195388794,60,60,60,60,220,540,"RYGate, CNOTGate, RZGate","SqrtXGate, CNOTGate,  RZGate",ScanPartitioner3,QSearch,1e-08,less-than-multi,3.0,2^3,7.333333333333333,13.166666666666666,2.0,2.033333333333333,,False,BQSkit
76,bqskit_su2_20_3,bqskit_su2_20_3_1e-08_ScanPartitioner3_LEAP,20,4.123824119567871,60,60,60,60,220,540,"RYGate, CNOTGate, RZGate","SqrtXGate, CNOTGate,  RZGate",ScanPartitioner3,LEAP,1e-08,less-than-multi,3.0,2^3,7.333333333333333,13.666666666666666,2.0,2.133333333333333,,False,BQSkit
77,bqskit_su2_20_3,bqskit_su2_20_3_OptimizationLevel3,20,0.023298025131225003,60,60,60,60,220,60,"ry, rz, cx",cx,,,,,,,,,,,3.0,False,Qiskit
78,bqskit_su2_43_3,bqskit_su2_43_3_1e-08_ScanPartitioner3_QSearch,43,3.890210628509521,129,129,129,129,473,1161,"RYGate, CNOTGate, RZGate","SqrtXGate, CNOTGate,  RZGate",ScanPartitioner3,QSearch,1e-08,less-than-multi,3.0,2^3,7.276923076923077,13.523076923076923,1.9846153846153842,2.107692307692307,,False,BQSkit
79,bqskit_su2_43_3,bqskit_su2_43_3_1e-08_ScanPartitioner3_LEAP,43,3.731487989425659,129,129,129,129,473,1161,"RYGate, CNOTGate, RZGate","SqrtXGate, CNOTGate,  RZGate",ScanPartitioner3,LEAP,1e-08,less-than-multi,3.0,2^3,7.276923076923077,12.984615384615385,1.9846153846153842,2.0,,False,BQSkit
80,bqskit_su2_43_3,bqskit_su2_43_3_OptimizationLevel3,43,0.040655136108398,129,129,129,129,473,129,"ry, rz, cx",cx,,,,,,,,,,,3.0,False,Qiskit
81,bqskit_su2_7_3,bqskit_su2_7_3_1e-08_ScanPartitioner3_QSearch,7,3.170819520950317,21,21,21,21,77,189,"RYGate, CNOTGate, RZGate","SqrtXGate, CNOTGate,  RZGate",ScanPartitioner3,QSearch,1e-08,less-than-multi,3.0,2^3,7.0,13.818181818181818,1.9090909090909092,2.181818181818181,,False,BQSkit
82,bqskit_su2_7_3,bqskit_su2_7_3_1e-08_ScanPartitioner3_LEAP,7,3.415459632873535,21,21,21,21,77,189,"RYGate, CNOTGate, RZGate","SqrtXGate, CNOTGate,  RZGate",ScanPartitioner3,LEAP,1e-08,less-than-multi,3.0,2^3,7.0,13.363636363636363,1.9090909090909092,2.090909090909091,,False,BQSkit
83,bqskit_su2_7_3,bqskit_su2_7_3_OptimizationLevel3,7,0.017314195632934,21,21,21,21,77,21,"ry, rz, cx",cx,,,,,,,,,,,3.0,False,Qiskit
84,bqskit_su2_32_3,bqskit_su2_32_3_1e-08_ScanPartitioner3_QSearch,32,3.47832441329956,96,96,96,96,352,864,"RYGate, CNOTGate, RZGate","SqrtXGate, CNOTGate,  RZGate",ScanPartitioner3,QSearch,1e-08,less-than-multi,3.0,2^3,7.333333333333333,13.208333333333334,2.0,2.041666666666666,,False,BQSkit
85,bqskit_su2_32_3,bqskit_su2_32_3_1e-08_ScanPartitioner3_LEAP,32,3.419283628463745,96,96,96,96,352,864,"RYGate, CNOTGate, RZGate","SqrtXGate, CNOTGate,  RZGate",ScanPartitioner3,LEAP,1e-08,less-than-multi,3.0,2^3,7.333333333333333,13.0,2.0,2.0,,False,BQSkit
86,bqskit_su2_32_3,bqskit_su2_32_3_OptimizationLevel3,32,0.035266637802124,96,96,96,96,352,96,"ry, rz, cx",cx,,,,,,,,,,,3.0,False,Qiskit
87,bqskit_su2_19_3,bqskit_su2_19_3_1e-08_ScanPartitioner3_QSearch,19,3.576551914215088,57,57,57,57,209,513,"RYGate, CNOTGate, RZGate","SqrtXGate, CNOTGate,  RZGate",ScanPartitioner3,QSearch,1e-08,less-than-multi,3.0,2^3,7.206896551724138,13.137931034482758,1.96551724137931,2.034482758620689,,False,BQSkit
88,bqskit_su2_19_3,bqskit_su2_19_3_1e-08_ScanPartitioner3_LEAP,19,2.925624847412109,57,57,57,57,209,513,"RYGate, CNOTGate, RZGate","SqrtXGate, CNOTGate,  RZGate",ScanPartitioner3,LEAP,1e-08,less-than-multi,3.0,2^3,7.206896551724138,13.655172413793103,1.96551724137931,2.137931034482758,,False,BQSkit
89,bqskit_su2_19_3,bqskit_su2_19_3_OptimizationLevel3,19,0.021862506866455002,57,57,57,57,209,57,"ry, rz, cx",cx,,,,,,,,,,,3.0,False,Qiskit
90,bqskit_su2_8_3,bqskit_su2_8_3_1e-08_ScanPartitioner3_QSearch,8,2.9776220321655273,24,24,24,24,88,216,"RYGate, CNOTGate, RZGate","SqrtXGate, CNOTGate,  RZGate",ScanPartitioner3,QSearch,1e-08,less-than-multi,3.0,2^3,7.333333333333333,13.0,2.0,2.0,,False,BQSkit
91,bqskit_su2_8_3,bqskit_su2_8_3_1e-08_ScanPartitioner3_LEAP,8,3.4428820610046382,24,24,24,24,88,216,"RYGate, CNOTGate, RZGate","SqrtXGate, CNOTGate,  RZGate",ScanPartitioner3,LEAP,1e-08,less-than-multi,3.0,2^3,7.333333333333333,13.416666666666666,2.0,2.083333333333333,,False,BQSkit
92,bqskit_su2_8_3,bqskit_su2_8_3_OptimizationLevel3,8,0.016019105911254,24,24,24,24,88,24,"ry, rz, cx",cx,,,,,,,,,,,3.0,False,Qiskit
93,bqskit_su2_48_3,bqskit_su2_48_3_1e-08_ScanPartitioner3_QSearch,48,4.144517421722412,144,144,144,144,528,1296,"RYGate, CNOTGate, RZGate","SqrtXGate, CNOTGate,  RZGate",ScanPartitioner3,QSearch,1e-08,less-than-multi,3.0,2^3,7.333333333333333,13.208333333333334,2.0,2.041666666666666,,False,BQSkit
94,bqskit_su2_48_3,bqskit_su2_48_3_1e-08_ScanPartitioner3_LEAP,48,4.025811910629272,144,144,144,144,528,1296,"RYGate, CNOTGate, RZGate","SqrtXGate, CNOTGate,  RZGate",ScanPartitioner3,LEAP,1e-08,less-than-multi,3.0,2^3,7.333333333333333,13.208333333333334,2.0,2.041666666666666,,False,BQSkit
95,bqskit_su2_48_3,bqskit_su2_48_3_OptimizationLevel3,48,0.049838304519653,144,144,144,144,528,144,"ry, rz, cx",cx,,,,,,,,,,,3.0,False,Qiskit
96,bqskit_su2_42_3,bqskit_su2_42_3_1e-08_ScanPartitioner3_QSearch,42,3.823213815689087,126,126,126,126,462,1134,"RYGate, CNOTGate, RZGate","SqrtXGate, CNOTGate,  RZGate",ScanPartitioner3,QSearch,1e-08,less-than-multi,3.0,2^3,7.333333333333333,13.476190476190476,2.0,2.095238095238095,,False,BQSkit
97,bqskit_su2_42_3,bqskit_su2_42_3_1e-08_ScanPartitioner3_LEAP,42,3.756157636642456,126,126,126,126,462,1134,"RYGate, CNOTGate, RZGate","SqrtXGate, CNOTGate,  RZGate",ScanPartitioner3,LEAP,1e-08,less-than-multi,3.0,2^3,7.333333333333333,13.714285714285714,2.0,2.1428571428571432,,False,BQSkit
98,bqskit_su2_42_3,bqskit_su2_42_3_OptimizationLevel3,42,0.04446530342102,126,126,126,126,462,126,"ry, rz, cx",cx,,,,,,,,,,,3.0,False,Qiskit
99,bqskit_su2_30_3,bqskit_su2_30_3_1e-08_ScanPartitioner3_QSearch,30,4.168336868286133,90,90,90,90,330,810,"RYGate, CNOTGate, RZGate","SqrtXGate, CNOTGate,  RZGate",ScanPartitioner3,QSearch,1e-08,less-than-multi,3.0,2^3,7.333333333333333,13.333333333333334,2.0,2.066666666666667,,False,BQSkit
100,bqskit_su2_30_3,bqskit_su2_30_3_1e-08_ScanPartitioner3_LEAP,30,3.471773386001587,90,90,90,90,330,810,"RYGate, CNOTGate, RZGate","SqrtXGate, CNOTGate,  RZGate",ScanPartitioner3,LEAP,1e-08,less-than-multi,3.0,2^3,7.333333333333333,13.333333333333334,2.0,2.066666666666667,,False,BQSkit
101,bqskit_su2_30_3,bqskit_su2_30_3_OptimizationLevel3,30,0.052771091461181,90,90,90,90,330,90,"ry, rz, cx",cx,,,,,,,,,,,3.0,False,Qiskit
102,bqskit_su2_21_3,bqskit_su2_21_3_1e-08_ScanPartitioner3_QSearch,21,3.451295852661133,63,63,63,63,231,567,"RYGate, CNOTGate, RZGate","SqrtXGate, CNOTGate,  RZGate",ScanPartitioner3,QSearch,1e-08,less-than-multi,3.0,2^3,7.21875,13.28125,1.96875,2.0625,,False,BQSkit
103,bqskit_su2_21_3,bqskit_su2_21_3_1e-08_ScanPartitioner3_LEAP,21,3.267220020294189,63,63,63,63,231,567,"RYGate, CNOTGate, RZGate","SqrtXGate, CNOTGate,  RZGate",ScanPartitioner3,LEAP,1e-08,less-than-multi,3.0,2^3,7.21875,13.59375,1.96875,2.125,,False,BQSkit
104,bqskit_su2_21_3,bqskit_su2_21_3_OptimizationLevel3,21,0.040829181671142,63,63,63,63,231,63,"ry, rz, cx",cx,,,,,,,,,,,3.0,False,Qiskit
105,bqskit_su2_27_3,bqskit_su2_27_3_1e-08_ScanPartitioner3_QSearch,27,3.443056344985962,81,81,81,81,297,729,"RYGate, CNOTGate, RZGate","SqrtXGate, CNOTGate,  RZGate",ScanPartitioner3,QSearch,1e-08,less-than-multi,3.0,2^3,7.2439024390243905,13.097560975609756,1.975609756097561,2.024390243902439,,False,BQSkit
106,bqskit_su2_27_3,bqskit_su2_27_3_1e-08_ScanPartitioner3_LEAP,27,3.027714967727661,81,81,81,81,297,729,"RYGate, CNOTGate, RZGate","SqrtXGate, CNOTGate,  RZGate",ScanPartitioner3,LEAP,1e-08,less-than-multi,3.0,2^3,7.2439024390243905,13.21951219512195,1.975609756097561,2.048780487804878,,False,BQSkit
107,bqskit_su2_27_3,bqskit_su2_27_3_OptimizationLevel3,27,0.027908802032470002,81,81,81,81,297,81,"ry, rz, cx",cx,,,,,,,,,,,3.0,False,Qiskit
108,bqskit_su2_24_3,bqskit_su2_24_3_1e-08_ScanPartitioner3_QSearch,24,3.404687643051147,72,72,72,72,264,648,"RYGate, CNOTGate, RZGate","SqrtXGate, CNOTGate,  RZGate",ScanPartitioner3,QSearch,1e-08,less-than-multi,3.0,2^3,7.333333333333333,13.416666666666666,2.0,2.083333333333333,,False,BQSkit
109,bqskit_su2_24_3,bqskit_su2_24_3_1e-08_ScanPartitioner3_LEAP,24,2.996598958969116,72,72,72,72,264,648,"RYGate, CNOTGate, RZGate","SqrtXGate, CNOTGate,  RZGate",ScanPartitioner3,LEAP,1e-08,less-than-multi,3.0,2^3,7.333333333333333,13.0,2.0,2.0,,False,BQSkit
110,bqskit_su2_24_3,bqskit_su2_24_3_OptimizationLevel3,24,0.024819612503051,72,72,72,72,264,72,"ry, rz, cx",cx,,,,,,,,,,,3.0,False,Qiskit
111,bqskit_su2_9_3,bqskit_su2_9_3_1e-08_ScanPartitioner3_QSearch,9,2.755286455154419,27,27,27,27,99,243,"RYGate, CNOTGate, RZGate","SqrtXGate, CNOTGate,  RZGate",ScanPartitioner3,QSearch,1e-08,less-than-multi,3.0,2^3,7.071428571428571,12.928571428571429,1.928571428571428,2.0,,False,BQSkit
112,bqskit_su2_9_3,bqskit_su2_9_3_1e-08_ScanPartitioner3_LEAP,9,3.846406459808349,27,27,27,27,99,243,"RYGate, CNOTGate, RZGate","SqrtXGate, CNOTGate,  RZGate",ScanPartitioner3,LEAP,1e-08,less-than-multi,3.0,2^3,7.071428571428571,13.285714285714286,1.928571428571428,2.071428571428571,,False,BQSkit
113,bqskit_su2_9_3,bqskit_su2_9_3_OptimizationLevel3,9,0.013901948928833001,27,27,27,27,99,27,"ry, rz, cx",cx,,,,,,,,,,,3.0,False,Qiskit
114,bqskit_su2_31_3,bqskit_su2_31_3_1e-08_ScanPartitioner3_QSearch,31,4.022446393966675,93,93,93,93,341,837,"RYGate, CNOTGate, RZGate","SqrtXGate, CNOTGate,  RZGate",ScanPartitioner3,QSearch,1e-08,less-than-multi,3.0,2^3,7.25531914893617,13.404255319148936,1.978723404255319,2.085106382978723,,False,BQSkit
115,bqskit_su2_31_3,bqskit_su2_31_3_1e-08_ScanPartitioner3_LEAP,31,3.4690463542938232,93,93,93,93,341,837,"RYGate, CNOTGate, RZGate","SqrtXGate, CNOTGate,  RZGate",ScanPartitioner3,LEAP,1e-08,less-than-multi,3.0,2^3,7.25531914893617,12.97872340425532,1.978723404255319,2.0,,False,BQSkit
116,bqskit_su2_31_3,bqskit_su2_31_3_OptimizationLevel3,31,0.029611825942993,93,93,93,93,341,93,"ry, rz, cx",cx,,,,,,,,,,,3.0,False,Qiskit
117,bqskit_su2_39_3,bqskit_su2_39_3_1e-08_ScanPartitioner3_QSearch,39,3.689330339431762,117,117,117,117,429,1053,"RYGate, CNOTGate, RZGate","SqrtXGate, CNOTGate,  RZGate",ScanPartitioner3,QSearch,1e-08,less-than-multi,3.0,2^3,7.271186440677966,13.067796610169491,1.9830508474576272,2.016949152542373,,False,BQSkit
118,bqskit_su2_39_3,bqskit_su2_39_3_1e-08_ScanPartitioner3_LEAP,39,4.210392713546753,117,117,117,117,429,1053,"RYGate, CNOTGate, RZGate","SqrtXGate, CNOTGate,  RZGate",ScanPartitioner3,LEAP,1e-08,less-than-multi,3.0,2^3,7.271186440677966,13.152542372881356,1.9830508474576272,2.033898305084745,,False,BQSkit
119,bqskit_su2_39_3,bqskit_su2_39_3_OptimizationLevel3,39,0.042287349700927006,117,117,117,117,429,117,"ry, rz, cx",cx,,,,,,,,,,,3.0,False,Qiskit
120,bqskit_su2_14_3,bqskit_su2_14_3_1e-08_ScanPartitioner3_QSearch,14,3.2138748168945312,42,42,42,42,154,378,"RYGate, CNOTGate, RZGate","SqrtXGate, CNOTGate,  RZGate",ScanPartitioner3,QSearch,1e-08,less-than-multi,3.0,2^3,7.333333333333333,13.238095238095237,2.0,2.047619047619047,,False,BQSkit
121,bqskit_su2_14_3,bqskit_su2_14_3_1e-08_ScanPartitioner3_LEAP,14,2.7389485836029053,42,42,42,42,154,378,"RYGate, CNOTGate, RZGate","SqrtXGate, CNOTGate,  RZGate",ScanPartitioner3,LEAP,1e-08,less-than-multi,3.0,2^3,7.333333333333333,13.238095238095237,2.0,2.047619047619047,,False,BQSkit
122,bqskit_su2_14_3,bqskit_su2_14_3_OptimizationLevel3,14,0.016333818435668,42,42,42,42,154,42,"ry, rz, cx",cx,,,,,,,,,,,3.0,False,Qiskit
123,bqskit_su2_33_3,bqskit_su2_33_3_1e-08_ScanPartitioner3_QSearch,33,3.521404027938842,99,99,99,99,363,891,"RYGate, CNOTGate, RZGate","SqrtXGate, CNOTGate,  RZGate",ScanPartitioner3,QSearch,1e-08,less-than-multi,3.0,2^3,7.26,13.38,1.98,2.08,,False,BQSkit
124,bqskit_su2_33_3,bqskit_su2_33_3_1e-08_ScanPartitioner3_LEAP,33,3.56786036491394,99,99,99,99,363,891,"RYGate, CNOTGate, RZGate","SqrtXGate, CNOTGate,  RZGate",ScanPartitioner3,LEAP,1e-08,less-than-multi,3.0,2^3,7.26,13.58,1.98,2.12,,False,BQSkit
125,bqskit_su2_33_3,bqskit_su2_33_3_OptimizationLevel3,33,0.030471563339233003,99,99,99,99,363,99,"ry, rz, cx",cx,,,,,,,,,,,3.0,False,Qiskit
126,bqskit_su2_11_3,bqskit_su2_11_3_1e-08_ScanPartitioner3_QSearch,11,2.717192649841308,33,33,33,33,121,297,"RYGate, CNOTGate, RZGate","SqrtXGate, CNOTGate,  RZGate",ScanPartitioner3,QSearch,1e-08,less-than-multi,3.0,2^3,7.117647058823529,12.941176470588236,1.941176470588235,2.0,,False,BQSkit
127,bqskit_su2_11_3,bqskit_su2_11_3_1e-08_ScanPartitioner3_LEAP,11,3.167840480804443,33,33,33,33,121,297,"RYGate, CNOTGate, RZGate","SqrtXGate, CNOTGate,  RZGate",ScanPartitioner3,LEAP,1e-08,less-than-multi,3.0,2^3,7.117647058823529,13.529411764705882,1.941176470588235,2.117647058823529,,False,BQSkit
128,bqskit_su2_11_3,bqskit_su2_11_3_OptimizationLevel3,11,0.015855312347412002,33,33,33,33,121,33,"ry, rz, cx",cx,,,,,,,,,,,3.0,False,Qiskit
129,bqskit_su2_40_3,bqskit_su2_40_3_1e-08_ScanPartitioner3_QSearch,40,3.45660662651062,120,120,120,120,440,1080,"RYGate, CNOTGate, RZGate","SqrtXGate, CNOTGate,  RZGate",ScanPartitioner3,QSearch,1e-08,less-than-multi,3.0,2^3,7.333333333333333,13.416666666666666,2.0,2.083333333333333,,False,BQSkit
130,bqskit_su2_40_3,bqskit_su2_40_3_1e-08_ScanPartitioner3_LEAP,40,3.363013744354248,120,120,120,120,440,1080,"RYGate, CNOTGate, RZGate","SqrtXGate, CNOTGate,  RZGate",ScanPartitioner3,LEAP,1e-08,less-than-multi,3.0,2^3,7.333333333333333,13.5,2.0,2.1,,False,BQSkit
131,bqskit_su2_40_3,bqskit_su2_40_3_OptimizationLevel3,40,0.03778052330017,120,120,120,120,440,120,"ry, rz, cx",cx,,,,,,,,,,,3.0,False,Qiskit
132,bqskit_su2_36_3,bqskit_su2_36_3_1e-08_ScanPartitioner3_QSearch,36,3.412502765655517,108,108,108,108,396,972,"RYGate, CNOTGate, RZGate","SqrtXGate, CNOTGate,  RZGate",ScanPartitioner3,QSearch,1e-08,less-than-multi,3.0,2^3,7.333333333333333,13.277777777777779,2.0,2.055555555555555,,False,BQSkit
133,bqskit_su2_36_3,bqskit_su2_36_3_1e-08_ScanPartitioner3_LEAP,36,3.659518718719482,108,108,108,108,396,972,"RYGate, CNOTGate, RZGate","SqrtXGate, CNOTGate,  RZGate",ScanPartitioner3,LEAP,1e-08,less-than-multi,3.0,2^3,7.333333333333333,13.185185185185185,2.0,2.037037037037037,,False,BQSkit
134,bqskit_su2_36_3,bqskit_su2_36_3_OptimizationLevel3,36,0.033151626586914,108,108,108,108,396,108,"ry, rz, cx",cx,,,,,,,,,,,3.0,False,Qiskit
135,bqskit_su2_16_3,bqskit_su2_16_3_1e-08_ScanPartitioner3_QSearch,16,2.9848074913024902,48,48,48,48,176,432,"RYGate, CNOTGate, RZGate","SqrtXGate, CNOTGate,  RZGate",ScanPartitioner3,QSearch,1e-08,less-than-multi,3.0,2^3,7.333333333333333,14.041666666666666,2.0,2.208333333333333,,False,BQSkit
136,bqskit_su2_16_3,bqskit_su2_16_3_1e-08_ScanPartitioner3_LEAP,16,3.300334692001342,48,48,48,48,176,432,"RYGate, CNOTGate, RZGate","SqrtXGate, CNOTGate,  RZGate",ScanPartitioner3,LEAP,1e-08,less-than-multi,3.0,2^3,7.333333333333333,13.416666666666666,2.0,2.083333333333333,,False,BQSkit
137,bqskit_su2_16_3,bqskit_su2_16_3_OptimizationLevel3,16,0.021631240844726,48,48,48,48,176,48,"ry, rz, cx",cx,,,,,,,,,,,3.0,False,Qiskit
